,source,target,cost
0,N_343,N_801,0.8117216039041273
1,N_102,N_474,0.5489571746649449
2,N_636,N_693,0.8616592790006117
3,N_55,N_937,0.38769337754122746
4,N_15,N_338,0.6980728013740451
5,N_163,N_956,0.38757251661756476
6,N_667,N_767,0.2048888992535831
7,N_353,N_811,0.9611677169689439
8,N_93,N_263,0.05496862879198483
9,N_52,N_339,0.28988225049456884
10,N_5,N_977,0.4980569675456614
11,N_611,N_977,0.5361791061294741
12,N_289,N_571,0.5450014116148982
13,N_447,N_544,0.1384510991116097
14,N_394,N_860,0.41355409373589636
15,N_204,N_711,0.5229967099158674
16,N_240,N_758,0.7368065000687856
17,N_145,N_959,0.963521071060828
18,N_35,N_91,0.9456338240274198
19,N_831,N_904,0.582120414057195
20,N_44,N_427,0.6433334425763513
21,N_261,N_834,0.3605617884606813
22,N_374,N_645,0.4909484622801368
23,N_373,N_982,0.3672535224911673
24,N_746,N_865,0.8429678636752271
25,N_722,N_917,0.8087773976440891
26,N_71,N_519,0.7625760415706333
27,N_668,N_706,0.7433592133069817
28,N_41,N_479,0.5336355831012083
29,N_614,N_665,0.38913684142393823
30,N_257,N_757,0.6802401037981665
31,N_516,N_869,0.7547787762412794
32,N_253,N_276,0.41555411442095624
33,N_132,N_519,0.6333618615566976
34,N_554,N_798,0.8651557209792307
35,N_690,N_786,0.14419084031350238
36,N_411,N_677,0.2861345299258271
37,N_621,N_848,0.5497853440999527
38,N_349,N_407,0.4379114738517642
39,N_80,N_367,0.817515769782249
40,N_294,N_689,0.6390921296617831
41,N_22,N_748,0.7605591757267838
42,N_531,N_940,0.1421269687356328
43,N_671,N_838,0.34374718198911247
44,N_112,N_808,0.7130299018490318
45,N_208,N_769,0.26029087945976226
46,N_476,N_601,0.617666596131498
47,N_958,N_963,0.19032326731684246
48,N_577,N_750,0.06415461717646198
49,N_243,N_878,0.9115184526846591
50,N_519,N_798,0.12092701156128882
51,N_179,N_842,0.733261472691642
52,N_536,N_917,0.13233837067578613
53,N_118,N_652,0.601265645266005
54,N_76,N_920,0.6514476524017041
55,N_112,N_410,0.1462603942808447
56,N_232,N_497,0.09212955900810305
57,N_107,N_151,0.7123680858815236
58,N_632,N_633,0.8798413400971459
59,N_538,N_743,0.9796152701031171
60,N_149,N_295,0.6549592559195443
61,N_328,N_790,0.5695306099069586
62,N_113,N_571,0.8371855086881086
63,N_136,N_995,0.7559817638999087
64,N_207,N_463,0.3472263939781053
65,N_214,N_362,0.47265548248181366
66,N_572,N_711,0.7689270231548331
67,N_396,N_521,0.975211476774209
68,N_600,N_833,0.7687110994796025
69,N_662,N_791,0.9842668500706755
70,N_361,N_850,0.6304915474096005
71,N_12,N_87,0.39932146328270557
72,N_86,N_996,0.4147836523546333
73,N_595,N_721,0.31563069295707513
74,N_237,N_748,0.2340384325158371
75,N_389,N_465,0.3572532872066745
76,N_72,N_184,0.5001872754581727
77,N_430,N_502,0.6421062118303864
78,N_193,N_485,0.22934698058744796
79,N_11,N_237,0.5884873958300869
80,N_239,N_344,0.8026438510572862
81,N_153,N_306,0.769655630862119
82,N_142,N_179,0.6103157204136429
83,N_505,N_820,0.2321287714586533
84,N_211,N_513,0.6430731337963633
85,N_708,N_732,0.6011868402266176
86,N_449,N_456,0.03134085859438973
87,N_60,N_297,0.28442012026648555
88,N_471,N_937,0.5574272366743263
89,N_29,N_775,0.7000841997499534
90,N_182,N_627,0.21377600001445018
91,N_269,N_813,0.2510350906048908
92,N_31,N_268,0.9382982166404137
93,N_119,N_123,0.40265585279788385
94,N_871,N_984,0.7942420079351342
95,N_70,N_850,0.6920828871749654
96,N_140,N_249,0.19706020272072222
97,N_98,N_368,0.9643297426225723
98,N_179,N_462,0.4770278103757697
99,N_452,N_759,0.8543143698531594
100,N_586,N_675,0.0200058954354978
101,N_176,N_548,0.20932532141567095
102,N_299,N_328,0.47829214128311226
103,N_4,N_459,0.001553743740041691
104,N_507,N_702,0.6266930475226784
105,N_799,N_893,0.6730217030569601
106,N_128,N_292,0.8815411350733136
107,N_372,N_820,0.7596543468297812
108,N_494,N_785,0.3459285960110332
109,N_152,N_777,0.5748796061184371
110,N_229,N_750,0.6912048143053824
111,N_190,N_889,0.5125058008800236
112,N_513,N_641,0.4705791621516464
113,N_581,N_722,0.6235250613639043
114,N_199,N_316,0.5217933903793925
115,N_63,N_451,0.5559069926358731
116,N_658,N_865,0.8066012819906796
117,N_218,N_659,0.11655898658484531
118,N_351,N_920,0.21827866502369786
119,N_688,N_818,0.8969805642151572
120,N_474,N_564,0.27035579346212857
121,N_197,N_906,0.39483044445290916
122,N_98,N_612,0.2852125209943648
123,N_122,N_829,0.06815102926640249
124,N_10,N_768,0.8405548906161211
125,N_136,N_252,0.6830378568271869
126,N_116,N_536,0.08599413455074911
127,N_43,N_680,0.1459436318095091
128,N_270,N_817,0.898854109260472
129,N_248,N_885,0.39219065585190904
130,N_119,N_522,0.15144571794228545
131,N_561,N_665,0.7326917087382379
132,N_540,N_806,0.2618943345425797
133,N_14,N_173,0.6883936531066575
134,N_724,N_737,0.7098611711446126
135,N_730,N_964,0.7968474589191414
136,N_334,N_770,0.5123630632300014
137,N_431,N_610,0.1767984702140586
138,N_594,N_926,0.5098752076573514
139,N_225,N_629,0.7817475131218645
140,N_63,N_205,0.9541435400677225
141,N_206,N_563,0.14733498271091072
142,N_62,N_327,0.5122090145838711
143,N_194,N_959,0.5679965922878187
144,N_286,N_714,0.16718499528096742
145,N_476,N_912,0.14130713184353016
146,N_213,N_581,0.3556331476427823
147,N_214,N_377,0.6462325866503096
148,N_135,N_578,0.5565799837447574
149,N_372,N_817,0.06027201905752877
150,N_179,N_849,0.901665889334601
151,N_216,N_759,0.8824600775154623
152,N_174,N_974,0.0959772715238465
153,N_299,N_530,0.9840879108170022
154,N_827,N_903,0.3089667975316124
155,N_45,N_284,0.06279946683106541
156,N_4,N_23,0.42734584702502176
157,N_443,N_525,0.15766049511882008
158,N_317,N_582,0.4971424956495778
159,N_542,N_806,0.2240275543298791
160,N_394,N_766,0.6314800238769764
161,N_298,N_523,0.22633666478044367
162,N_227,N_918,0.3958294259132964
163,N_6,N_606,0.7868642996444166
164,N_238,N_307,0.9669020211901533
165,N_216,N_361,0.42410652547644223
166,N_436,N_813,0.24194094065513894
167,N_378,N_655,0.25446566755430067
168,N_505,N_705,0.6362186026454082
169,N_645,N_963,0.3987126269692922
170,N_468,N_496,0.9202947350363315
171,N_657,N_746,0.7610996624249475
172,N_7,N_202,0.4433730011020418
173,N_10,N_77,0.022287691131404497
174,N_24,N_251,0.4493023892274368
175,N_262,N_409,0.37850465275711587
176,N_137,N_834,0.9739383472012422
177,N_56,N_258,0.21958057308438694
178,N_64,N_464,0.7935639044139517
179,N_22,N_645,0.27498811935203316
180,N_518,N_769,0.360673165359094
181,N_147,N_475,0.5538978670944787
182,N_545,N_656,0.6277216448006293
183,N_398,N_410,0.5732042727579998
184,N_207,N_673,0.5384645370622414
185,N_69,N_517,0.8042533976433706
186,N_271,N_505,0.20355964757342893
187,N_30,N_442,0.4021847867574537
188,N_94,N_551,0.23274941774782154
189,N_635,N_857,0.5614911003250234
190,N_687,N_790,0.8329616423915656
191,N_228,N_608,0.0938971803202504
192,N_80,N_663,0.7196461109166619
193,N_523,N_864,0.6627338610871472
194,N_78,N_493,0.15650707887501936
195,N_106,N_741,0.18661651075626584
196,N_634,N_693,0.26313159846588285
197,N_181,N_793,0.24844362580421597
198,N_484,N_512,0.725298037390891
199,N_333,N_528,0.9961779717080641
200,N_735,N_840,0.8423522589880144
201,N_661,N_689,0.9783414619027069
202,N_399,N_956,0.7095340058727062
203,N_443,N_550,0.0415756131520062
204,N_164,N_603,0.4173360128811203
205,N_546,N_596,0.5953262560293828
206,N_531,N_604,0.24278482847495786
207,N_337,N_602,0.4346097173601631
208,N_685,N_907,0.649682984939872
209,N_85,N_765,0.459972983417414
210,N_624,N_998,0.4909140220722392
211,N_476,N_502,0.9155106592204112
212,N_731,N_790,0.40704859604385946
213,N_860,N_952,0.9061919732501282
214,N_196,N_317,0.3950600117101002
215,N_325,N_511,0.2391575241770303
216,N_32,N_298,0.6016136436094472
217,N_234,N_332,0.41477680024230335
218,N_808,N_831,0.6090615075684829
219,N_270,N_478,0.11839875804994104
220,N_611,N_748,0.6350464196987404
221,N_436,N_796,0.700014629603791
222,N_335,N_463,0.6207723676616366
223,N_154,N_547,0.8694995928872309
224,N_695,N_777,0.3216624719959116
225,N_319,N_474,0.38947616941610996
226,N_760,N_853,0.2544953858926218
227,N_69,N_521,0.9006244681724931
228,N_297,N_566,0.768566409967949
229,N_130,N_471,0.0808419371351039
230,N_836,N_964,0.6378749753138493
231,N_371,N_524,0.19449966064791524
232,N_289,N_428,0.47984923265860724
233,N_222,N_817,0.5564680035762053
234,N_475,N_899,0.46599682968666545
235,N_136,N_847,0.9865229225299865
236,N_315,N_772,0.5912505813924624
237,N_387,N_635,0.5758625190693543
238,N_173,N_428,0.5507828775801575
239,N_657,N_857,0.06262218389665963
240,N_972,N_987,0.7329172224179683
241,N_469,N_741,0.8503376754521006
242,N_631,N_807,0.7713750767761125
243,N_37,N_364,0.8848133095982358
244,N_332,N_365,0.03736061896744336
245,N_277,N_555,0.06475073841277967
246,N_419,N_615,0.6911841478485223
247,N_324,N_413,0.9642110446249765
248,N_21,N_133,0.40085676420751826
249,N_75,N_851,0.4249714075004214
250,N_632,N_940,0.23643002415653225
251,N_561,N_671,0.041508004932069964
252,N_75,N_817,0.03942333275823118
253,N_141,N_692,0.7706421436402084
254,N_542,N_764,0.914155600064928
255,N_222,N_306,0.7011430858658019
256,N_410,N_520,0.9066383434668346
257,N_205,N_655,0.893678392358001
258,N_118,N_710,0.30828449445777095
259,N_40,N_247,0.7455225741437608
260,N_349,N_540,0.3219578981253268
261,N_161,N_518,0.3030473172600625
262,N_665,N_671,0.049382903817726254
263,N_541,N_771,0.4104379561009084
264,N_40,N_203,0.5605607405819102
265,N_267,N_306,0.147376384893263
266,N_599,N_752,0.39137475916924314
267,N_553,N_657,0.825156772974196
268,N_590,N_771,0.6619071466991884
269,N_674,N_940,0.17227536705062163
270,N_675,N_818,0.6811740157685011
271,N_804,N_840,0.5054511041837559
272,N_128,N_754,0.2027913749937562
273,N_215,N_928,0.7012842303266884
274,N_8,N_454,0.8917578506422068
275,N_332,N_800,0.16730265370059638
276,N_134,N_164,0.6591395169913306
277,N_324,N_798,0.8933818321694669
278,N_299,N_613,0.045422857428367935
279,N_21,N_736,0.2546355762727186
280,N_228,N_654,0.24781562345885622
281,N_447,N_597,0.5045640985578121
282,N_275,N_354,0.056673330741020544
283,N_5,N_613,0.3587499981947
284,N_454,N_568,0.03067961178053835
285,N_515,N_864,0.41407791558131435
286,N_636,N_940,0.47639307479371307
287,N_362,N_570,0.1782099873734635
288,N_237,N_616,0.641035853908783
289,N_395,N_654,0.5004738127133301
290,N_305,N_942,0.3355453541024038
291,N_249,N_835,0.7791090321552674
292,N_816,N_853,0.5132142948212468
293,N_173,N_711,0.4930601881505474
294,N_730,N_731,0.9989179984409771
295,N_349,N_358,0.3478247285359033
296,N_503,N_984,0.2335500173200673
297,N_271,N_925,0.14842815821985367
298,N_127,N_991,0.404067038351835
299,N_44,N_999,0.23386213064850736
300,N_230,N_861,0.6549007445674921
301,N_769,N_927,0.05581004606143014
302,N_132,N_993,0.3304201024426021
303,N_111,N_817,0.4693145819711313
304,N_185,N_899,0.5884473548441482
305,N_470,N_801,0.27070857093035716
306,N_602,N_886,0.16317618967831238
307,N_248,N_599,0.2692818065196845
308,N_368,N_986,0.07653227114295214
309,N_408,N_924,0.41152984172340723
310,N_13,N_751,0.47309794751510936
311,N_199,N_281,0.7675483952349382
312,N_822,N_858,0.5233972032893384
313,N_77,N_294,0.7608949671222969
314,N_278,N_982,0.6889679887696754
315,N_242,N_475,0.13696285877758418
316,N_646,N_775,0.39088955691898786
317,N_301,N_562,0.07904103164469722
318,N_791,N_842,0.6688686707285387
319,N_6,N_417,0.2806255478398576
320,N_45,N_463,0.971988067367276
321,N_506,N_937,0.9419394789568594
322,N_503,N_922,0.35409510988141446
323,N_236,N_340,0.23586623860837874
324,N_454,N_467,0.6617737106892232
325,N_673,N_724,0.5709205165914388
326,N_37,N_276,0.27277828999066744
327,N_541,N_648,0.9603134589865334
328,N_964,N_990,0.8601805749238234
329,N_8,N_693,0.49217772323283593
330,N_557,N_753,0.5461366003233807
331,N_550,N_829,0.7094386938382811
332,N_134,N_249,0.9442271620008662
333,N_574,N_887,0.5942815275208542
334,N_405,N_441,0.27722491129355586
335,N_183,N_237,0.0032314870963394693
336,N_413,N_523,0.5493000410968416
337,N_287,N_331,0.982007758936914
338,N_98,N_784,0.4704415523041068
339,N_281,N_509,0.19404469699206395
340,N_212,N_372,0.09124701189102202
341,N_71,N_871,0.3295067415938906
342,N_68,N_808,0.28912437226047794
343,N_17,N_284,0.38807567608809634
344,N_265,N_870,0.7324149318542337
345,N_39,N_263,0.4221331201153471
346,N_85,N_930,0.3224831725651096
347,N_206,N_427,0.5425660240155457
348,N_25,N_318,0.42582210806937604
349,N_680,N_748,0.8179733105794225
350,N_214,N_942,0.44932730257406606
351,N_439,N_694,0.5428525032664757
352,N_144,N_326,0.5949338106289606
353,N_501,N_901,0.8076344727098497
354,N_240,N_608,0.8577234030389596
355,N_698,N_738,0.2600555299524563
356,N_116,N_726,0.12337913158842229
357,N_773,N_956,0.228964821877645
358,N_155,N_355,0.7317372374827422
359,N_74,N_518,0.21670481128557517
360,N_435,N_634,0.4360906349305562
361,N_228,N_980,0.7744633516809358
362,N_360,N_604,0.742176391004586
363,N_137,N_914,0.7546116931626989
364,N_245,N_569,0.9228778470121495
365,N_198,N_982,0.8385474324849924
366,N_841,N_926,0.8881428734269095
367,N_599,N_609,0.7045436069743509
368,N_311,N_598,0.47626361343719625
369,N_660,N_747,0.2853866135828662
370,N_408,N_680,0.15224161568612238
371,N_186,N_712,0.5461758050519125
372,N_228,N_388,0.7247777735663012
373,N_119,N_430,0.6479626042832143
374,N_596,N_631,0.9011459895132814
375,N_441,N_462,0.31266342738648256
376,N_13,N_814,0.2185755192943335
377,N_286,N_358,0.43042644459253054
378,N_298,N_866,0.7489474886590695
379,N_120,N_672,0.49724990582000506
380,N_252,N_576,0.9829778747545919
381,N_139,N_153,0.9614154021500405
382,N_16,N_517,0.5710799529332591
383,N_229,N_247,0.9178435390248727
384,N_187,N_805,0.01784802189290069
385,N_480,N_880,0.9535317424666925
386,N_227,N_544,0.04477002999512303
387,N_10,N_66,0.665267698109983
388,N_30,N_366,0.8886465914008954
389,N_423,N_656,0.6021390915812954
390,N_392,N_476,0.7197232690214106
391,N_127,N_248,0.7083583007718961
392,N_702,N_855,0.7014837135626697
393,N_129,N_159,0.9378210057984668
394,N_79,N_751,0.8842023890723352
395,N_214,N_571,0.029691147877226154
396,N_668,N_746,0.0036400506150948697
397,N_136,N_585,0.6364045812682497
398,N_194,N_979,0.15446259564849796
399,N_934,N_952,0.9368104843677909
400,N_401,N_930,0.744267951539306
401,N_446,N_839,0.04748165504878754
402,N_287,N_592,0.5436987644230731
403,N_770,N_829,0.4748265563474565
404,N_819,N_892,0.11934046901988427
405,N_616,N_748,0.8187841314583573
406,N_341,N_371,0.45255912097536943
407,N_22,N_579,0.5638652972050648
408,N_569,N_612,0.27138390793968115
409,N_129,N_591,0.10708359597355477
410,N_267,N_993,0.10458871935564473
411,N_678,N_796,0.44715269909185773
412,N_562,N_664,0.038284193408930856
413,N_376,N_388,0.3044939625675491
414,N_0,N_716,0.6822963504682433
415,N_525,N_946,0.981208314553766
416,N_406,N_803,0.8614519957176112
417,N_581,N_841,0.15771040717944862
418,N_609,N_631,0.11676935941225497
419,N_516,N_656,0.9581822417774641
420,N_321,N_718,0.0005682456767890365
421,N_254,N_376,0.03378564492779601
422,N_174,N_200,0.08246830126651239
423,N_23,N_100,0.24362008903959165
424,N_147,N_175,0.5452960626306023
425,N_35,N_736,0.9546230513130758
426,N_140,N_292,0.30463033292384045
427,N_245,N_692,0.7120643528979025
428,N_0,N_545,0.03357866023634526
429,N_205,N_872,0.01496620187656128
430,N_315,N_712,0.8522755315264803
431,N_377,N_723,0.14302453617916933
432,N_231,N_407,0.8879752668422081
433,N_620,N_655,0.7840543919685095
434,N_432,N_906,0.8673886668720283
435,N_271,N_524,0.41966387243545955
436,N_123,N_861,0.5160165455626708
437,N_192,N_387,0.42559433900772503
438,N_214,N_929,0.7700148191941762
439,N_303,N_648,0.8882230723737894
440,N_825,N_907,0.6913902788265756
441,N_620,N_925,0.08725912076939224
442,N_37,N_91,0.5225309611363551
443,N_690,N_925,0.01657937869823467
444,N_119,N_228,0.17932158848048463
445,N_574,N_599,0.6762041648460635
446,N_171,N_955,0.7814702380349177
447,N_431,N_693,0.7037421414778615
448,N_347,N_394,0.35129216222752935
449,N_68,N_461,0.264036878335987
450,N_498,N_650,0.3803324834500532
451,N_308,N_572,0.1614929784694994
452,N_57,N_86,0.9814681620320682
453,N_6,N_560,0.1195056845245892
454,N_530,N_908,0.3631037068806373
455,N_486,N_926,0.33519309014685295
456,N_452,N_478,0.6647511565575925
457,N_24,N_772,0.980589572624845
458,N_216,N_449,0.2510621584545216
459,N_60,N_426,0.4783858095820226
460,N_104,N_540,0.0786004274443397
461,N_895,N_898,0.9172789275190196
462,N_316,N_497,0.4938065085605665
463,N_456,N_898,0.6694965396610355
464,N_387,N_692,0.35410144431023793
465,N_195,N_617,0.2449240354872686
466,N_119,N_470,0.8765261277008372
467,N_877,N_936,0.19014164996334593
468,N_837,N_925,0.8482503217049586
469,N_537,N_749,0.7913464534065708
470,N_263,N_326,0.9478868745190956
471,N_331,N_925,0.9710621384337377
472,N_16,N_666,0.14897360501741375
473,N_276,N_362,0.6579143670025085
474,N_438,N_808,0.5799820798895614
475,N_273,N_511,0.0860255333410036
476,N_227,N_460,0.7130870446437225
477,N_85,N_338,0.9444503975343848
478,N_146,N_884,0.7593548682746818
479,N_172,N_325,0.03348334881482473
480,N_494,N_670,0.30906794023206796
481,N_127,N_814,0.892432231035007
482,N_741,N_781,0.7824500751346879
483,N_329,N_665,0.4912195257294947
484,N_410,N_872,0.9376270251720082
485,N_509,N_892,0.12170030117919794
486,N_107,N_124,0.19290804248120286
487,N_508,N_995,0.9829639052066763
488,N_6,N_530,0.9842792524541597
489,N_486,N_986,0.6355361304067102
490,N_850,N_880,0.2537061361702635
491,N_458,N_945,0.7450339452573473
492,N_298,N_440,0.4548334827701761
493,N_627,N_933,0.8069896650243651
494,N_350,N_934,0.47220439246896584
495,N_280,N_754,0.13739255394536865
496,N_194,N_255,0.6097662777590926
497,N_32,N_67,0.6830834720841539
498,N_686,N_990,0.009076760700640785
499,N_7,N_991,0.662764489011207
500,N_275,N_441,0.8579766207421142
501,N_262,N_583,0.9574664978885863
502,N_415,N_929,0.6765365098068845
503,N_157,N_267,0.3487803753254435
504,N_413,N_803,0.46245363544555684
505,N_257,N_969,0.4240343949665848
506,N_306,N_736,0.8674509229072294
507,N_130,N_773,0.6936088558812512
508,N_63,N_957,0.3046002659242384
509,N_180,N_817,0.16086051590983064
510,N_723,N_919,0.7394714407302145
511,N_58,N_278,0.46655874714638834
512,N_97,N_205,0.38660102734169866
513,N_169,N_560,0.5482007131910387
514,N_347,N_957,0.813915010391981
515,N_254,N_786,0.3211990178859463
516,N_781,N_918,0.2544593772246295
517,N_586,N_734,0.2846277178275405
518,N_489,N_635,0.6587992034782542
519,N_630,N_855,0.9014517253022141
520,N_167,N_468,0.743035145571892
521,N_749,N_986,0.6142740659109318
522,N_590,N_977,0.563231617513559
523,N_117,N_295,0.033599885537285434
524,N_54,N_313,0.28562938675937377
525,N_441,N_978,0.45708059161565373
526,N_613,N_849,0.2312990908797341
527,N_150,N_829,0.44591770136529685
528,N_123,N_202,0.20319115117434916
529,N_99,N_667,0.33165308315625497
530,N_99,N_646,0.7711017455136413
531,N_282,N_293,0.08899820267751357
532,N_24,N_978,0.6820496088535863
533,N_697,N_996,0.38839531360864576
534,N_567,N_771,0.09801315041852021
535,N_394,N_966,0.604465982083394
536,N_38,N_533,0.7254120507207791
537,N_735,N_743,0.29748644499970234
538,N_108,N_696,0.4824290386491874
539,N_424,N_578,0.46156421701035755
540,N_96,N_666,0.8999581248142656
541,N_134,N_801,0.9113927249730576
542,N_4,N_980,0.509169064899061
543,N_147,N_350,0.9503658483296222
544,N_11,N_142,0.12065016434513232
545,N_314,N_850,0.5107611435977513
546,N_352,N_421,0.5202156452013156
547,N_466,N_695,0.8745741482947582
548,N_71,N_362,0.8869922939829142
549,N_455,N_606,0.8585429173371522
550,N_508,N_980,0.6030660313289367
551,N_192,N_460,0.07307845485030806
552,N_0,N_577,0.9906129305526605
553,N_192,N_891,0.7448698902848947
554,N_150,N_312,0.6765266608298217
555,N_233,N_643,0.08539923086001644
556,N_37,N_359,0.9077337782946742
557,N_469,N_519,0.40396054076672905
558,N_597,N_975,0.7014166974699092
559,N_305,N_463,0.6839314847489117
560,N_211,N_412,0.4774122310617479
561,N_566,N_587,0.9087374416196152
562,N_87,N_433,0.3001708970609236
563,N_538,N_719,0.42179182737725895
564,N_67,N_676,0.8208276697018408
565,N_163,N_639,0.959780217790839
566,N_154,N_565,0.3295252577043415
567,N_361,N_752,0.015080414173519019
568,N_418,N_824,0.4741669178794625
569,N_3,N_723,0.23841041153093756
570,N_652,N_742,0.10556469276063263
571,N_108,N_890,0.6992898565916739
572,N_288,N_486,0.23820348231955957
573,N_490,N_779,0.9956843829540203
574,N_840,N_957,0.023375988524902303
575,N_93,N_849,0.16641090465816033
576,N_607,N_752,0.04496419120749762
577,N_296,N_560,0.9593256937492101
578,N_146,N_465,0.06737444872182397
579,N_455,N_755,0.9581841567922893
580,N_386,N_635,0.8302769899548321
581,N_283,N_516,0.6787158971986043
582,N_305,N_715,0.035785925984698874
583,N_98,N_294,0.6868460539266752
584,N_32,N_342,0.6920468426522477
585,N_97,N_194,0.49626939380350077
586,N_700,N_796,0.11958720049105742
587,N_801,N_944,0.17594292084529228
588,N_157,N_896,0.8324254493229393
589,N_269,N_413,0.25185935759081524
590,N_311,N_848,0.058017635916264965
591,N_166,N_571,0.18129994775846603
592,N_602,N_989,0.6788092169287403
593,N_46,N_570,0.6952967568495407
594,N_396,N_661,0.24479405136276955
595,N_280,N_985,0.9883219377889254
596,N_570,N_782,0.12025637653535881
597,N_333,N_571,0.8928332487637014
598,N_626,N_897,0.6031123725347867
599,N_21,N_990,0.744783904158034
600,N_60,N_808,0.7268430075267924
601,N_216,N_640,0.7989506759276856
602,N_366,N_435,0.8659977736796849
603,N_112,N_497,0.7205714184349712
604,N_381,N_971,0.4295241318945837
605,N_91,N_198,0.8364071308218837
606,N_103,N_706,0.21818859954352288
607,N_408,N_985,0.4151612071707411
608,N_103,N_848,0.6720306835780339
609,N_717,N_851,0.6873707837765346
610,N_134,N_338,0.16835577228261878
611,N_303,N_986,0.7788550616547969
612,N_370,N_448,0.5918719966361947
613,N_471,N_503,0.8605131121616043
614,N_202,N_709,0.7155131088981295
615,N_154,N_373,0.18719647891875857
616,N_176,N_632,0.4682439989856171
617,N_220,N_864,0.7533027614151042
618,N_155,N_703,0.47197764372471607
619,N_437,N_518,0.5445465792604327
620,N_167,N_230,0.8896225066925567
621,N_57,N_801,0.6409286622510773
622,N_554,N_638,0.41422759906068807
623,N_281,N_556,0.02348035154415795
624,N_138,N_325,0.30374518705122244
625,N_259,N_938,0.5256877861798406
626,N_38,N_316,0.9277869687274751
627,N_47,N_936,0.24435485304178317
628,N_219,N_254,0.3997111900601338
629,N_479,N_725,0.28116345244745
630,N_323,N_368,0.5940187832742032
631,N_514,N_860,0.5166964226086397
632,N_389,N_784,0.19609085545484528
633,N_622,N_689,0.5022316825755602
634,N_208,N_787,0.44450454679603557
635,N_960,N_982,0.3256703672718828
636,N_236,N_621,0.3272372418216887
637,N_172,N_935,0.07254186821729736
638,N_443,N_542,0.1886638557932412
639,N_152,N_570,0.8645157837482376
640,N_354,N_969,0.15854337524060647
641,N_400,N_746,0.39750076685900426
642,N_432,N_463,0.23401237550967124
643,N_444,N_758,0.4683383309924236
644,N_517,N_608,0.7114772599481043
645,N_263,N_586,0.44477352580265683
646,N_388,N_597,0.8789391365921868
647,N_170,N_263,0.5771093121570534
648,N_236,N_500,0.44789310603949306
649,N_671,N_893,0.33547380997691256
650,N_173,N_898,0.42410535191274223
651,N_425,N_763,0.5488016790485377
652,N_171,N_396,0.8491471486325857
653,N_602,N_654,0.4621287601020112
654,N_224,N_753,0.3443452832828062
655,N_268,N_558,0.35468148648643916
656,N_424,N_539,0.04830911555281214
657,N_230,N_875,0.9730547937062894
658,N_360,N_440,0.26894917251584016
659,N_68,N_338,0.7303342376686346
660,N_493,N_716,0.7713168033523938
661,N_20,N_954,0.12143697629663719
662,N_246,N_432,0.08898969190380779
663,N_522,N_987,0.729711351837347
664,N_650,N_958,0.8207076802339857
665,N_854,N_990,0.6441585757189454
666,N_149,N_505,0.46157107322785085
667,N_189,N_714,0.9617594969742045
668,N_328,N_872,0.7208134412255169
669,N_135,N_476,0.19881029000872164
670,N_454,N_687,0.7784770181904395
671,N_37,N_567,0.7855819722617778
672,N_585,N_634,0.404128980569223
673,N_48,N_142,0.5211234896444596
674,N_284,N_879,0.4660419768769244
675,N_180,N_251,0.7739884121551637
676,N_398,N_929,0.44831440618006635
677,N_448,N_757,0.47957228317450395
678,N_570,N_655,0.2243766191868135
679,N_145,N_195,0.6652549253675422
680,N_144,N_813,0.2589787597472173
681,N_262,N_864,0.4383555353411135
682,N_364,N_712,0.15196504272459688
683,N_571,N_682,0.6107067086371862
684,N_547,N_756,0.3555317530741191
685,N_768,N_980,0.4903341232174634
686,N_456,N_693,0.5933902906750479
687,N_442,N_641,0.6457192637256051
688,N_834,N_854,0.8351197227144886
689,N_18,N_810,0.04060214221510905
690,N_774,N_913,0.47680423736701294
691,N_347,N_494,0.12038694480756407
692,N_138,N_593,0.13876680376396622
693,N_24,N_95,0.7258219948562739
694,N_330,N_454,0.7161513876837866
695,N_110,N_418,0.0610676704150277
696,N_46,N_817,0.7239056998295681
697,N_802,N_992,0.029166151066841284
698,N_562,N_866,0.019767158169082366
699,N_237,N_764,0.7689312533035852
700,N_768,N_781,0.5401846891698738
701,N_361,N_542,0.7912868682851701
702,N_136,N_202,0.8505274447025089
703,N_93,N_811,0.8378171869717177
704,N_227,N_243,0.3646720859268373
705,N_508,N_852,0.16656227859144845
706,N_36,N_810,0.4404509291121408
707,N_803,N_915,0.09418176508701559
708,N_404,N_499,0.6422301280931628
709,N_22,N_953,0.07386349797176806
710,N_462,N_464,0.94955630805896
711,N_711,N_766,0.41070117021780117
712,N_358,N_382,0.3431016369681883
713,N_2,N_763,0.8673643889491702
714,N_183,N_846,0.3321860479061347
715,N_654,N_811,0.37718765102724583
716,N_71,N_432,0.6742157893614655
717,N_424,N_905,0.546785277035895
718,N_663,N_882,0.6372096256976423
719,N_396,N_496,0.6536963660431694
720,N_156,N_490,0.5280434509920431
721,N_165,N_379,0.5311292310431153
722,N_612,N_981,0.4507613798496781
723,N_777,N_802,0.47104912266776333
724,N_129,N_298,0.4230861674567028
725,N_649,N_676,0.6810651845271258
726,N_529,N_962,0.21101584257794914
727,N_5,N_949,0.1523804896311185
728,N_232,N_828,0.34502319816900395
729,N_323,N_654,0.0934612459209836
730,N_171,N_630,0.4913828648947487
731,N_91,N_217,0.014220897603699933
732,N_372,N_540,0.9017969605792266
733,N_73,N_356,0.9824390647368417
734,N_653,N_739,0.6914455180105543
735,N_515,N_775,0.06822396276955134
736,N_300,N_311,0.7224754615370177
737,N_580,N_753,0.05870486812148745
738,N_352,N_663,0.7675097952666883
739,N_253,N_805,0.5226765979527932
740,N_221,N_491,0.7613390623653122
741,N_4,N_611,0.38414411541593974
742,N_0,N_932,0.17459311924978604
743,N_115,N_998,0.9453309109924293
744,N_218,N_514,0.7156233664549492
745,N_266,N_484,0.07681478923239582
746,N_754,N_910,0.5846945569599431
747,N_6,N_903,0.8928330114185241
748,N_425,N_508,0.8686764792034718
749,N_289,N_734,0.649567588752173
750,N_151,N_597,0.9171209871333132
751,N_456,N_626,0.6614836426557786
752,N_92,N_624,0.800469106656204
753,N_116,N_880,0.06342507660051289
754,N_42,N_272,0.33830036256711926
755,N_357,N_857,0.8960876223575924
756,N_737,N_942,0.7053083478526108
757,N_948,N_960,0.8349486306090617
758,N_91,N_883,0.3472287563647325
759,N_326,N_442,0.4963657341831742
760,N_140,N_149,0.34651992032249934
761,N_227,N_972,0.08171586743954085
762,N_566,N_846,0.9719241922952684
763,N_557,N_696,0.40805933438426156
764,N_58,N_264,0.2433713066529768
765,N_200,N_973,0.074208776545033
766,N_661,N_774,0.5823098339138442
767,N_28,N_338,0.5761540366417004
768,N_622,N_747,0.7613017361532861
769,N_863,N_959,0.9994529162744574
770,N_778,N_932,0.46293406563505957
771,N_212,N_213,0.68279472163179
772,N_258,N_993,0.058271953100828
773,N_302,N_511,0.6061558238290488
774,N_185,N_803,0.24396273396360257
775,N_416,N_661,0.30833605499001115
776,N_150,N_801,0.838432108360077
777,N_322,N_735,0.9276077980214301
778,N_6,N_114,0.35366029446722
779,N_500,N_824,0.08046112896259894
780,N_109,N_913,0.25470169925950104
781,N_35,N_520,0.0922933873860241
782,N_263,N_615,0.1962030206483878
783,N_413,N_626,0.8362141671007797
784,N_494,N_502,0.30598566546746864
785,N_80,N_399,0.5874718111141835
786,N_31,N_836,0.698856129226272
787,N_178,N_283,0.5573530490658842
788,N_179,N_806,0.6496354880852695
789,N_497,N_510,0.07269467047891576
790,N_157,N_591,0.799168398285466
791,N_523,N_625,0.8966716786106854
792,N_627,N_848,0.8709856758550274
793,N_184,N_957,0.8834762812713268
794,N_120,N_868,0.3487665102074853
795,N_565,N_951,0.03655631303338014
796,N_509,N_602,0.40967373944588736
797,N_385,N_837,0.029739163630236876
798,N_133,N_867,0.29164592907207143
799,N_320,N_342,0.7138121257834122
800,N_413,N_891,0.437947787781531
801,N_298,N_381,0.3888694271007005
802,N_87,N_104,0.5526009180996219
803,N_436,N_945,0.49279697472982287
804,N_92,N_289,0.8867348895427145
805,N_1,N_721,0.25386572520679396
806,N_128,N_733,0.8946119117900162
807,N_294,N_659,0.22667571464736436
808,N_157,N_494,0.20046399615142918
809,N_123,N_922,0.7630625479032622
810,N_261,N_917,0.849380151059997
811,N_157,N_476,0.895488031781412
812,N_490,N_756,0.4574670716542035
813,N_275,N_596,0.4154464548527179
814,N_240,N_689,0.02674107122082736
815,N_514,N_981,0.1614606937413865
816,N_627,N_650,0.08813708137502685
817,N_116,N_189,0.7956757869880859
818,N_89,N_500,0.6912764198483179
819,N_82,N_376,0.30767402196590576
820,N_30,N_390,0.9020699779650905
821,N_516,N_547,0.5974832330775603
822,N_187,N_473,0.28169144495781784
823,N_776,N_799,0.9017760271579935
824,N_535,N_736,0.4835926370246495
825,N_718,N_814,0.7352802653093007
826,N_168,N_993,0.5895677947563487
827,N_158,N_732,0.5280875188592682
828,N_148,N_787,0.8727567812209673
829,N_109,N_239,0.6011209477382273
830,N_610,N_662,0.11362001430393542
831,N_490,N_516,0.5008121644800034
832,N_428,N_976,0.36356624681962435
833,N_446,N_658,0.49974220309522566
834,N_798,N_917,0.7368446242520332
835,N_142,N_330,0.1496551486914508
836,N_397,N_885,0.04026996033189745
837,N_591,N_825,0.7732201871862383
838,N_376,N_702,0.1398036538470555
839,N_792,N_837,0.21002941992274748
840,N_904,N_987,0.7472041168664922
841,N_129,N_518,0.6716906246846095
842,N_317,N_476,0.756457625185206
843,N_225,N_236,0.5060205225790873
844,N_468,N_906,0.2764526005338519
845,N_188,N_843,0.47606157250287584
846,N_165,N_763,0.6524124083440628
847,N_608,N_611,0.9644493678357255
848,N_60,N_358,0.9784083861422455
849,N_131,N_419,0.2290893626969701
850,N_506,N_614,0.6571043681474358
851,N_808,N_919,0.6919798052220609
852,N_758,N_887,0.24886652313215452
853,N_379,N_431,0.8644171393430251
854,N_332,N_553,0.39999961202391177
855,N_52,N_142,0.38864160546040094
856,N_805,N_895,0.6191131580714362
857,N_229,N_324,0.44392462771988916
858,N_46,N_734,0.5568445487426645
859,N_269,N_581,0.6924513308981382
860,N_661,N_950,0.14468011897913735
861,N_80,N_704,0.22186166178307798
862,N_276,N_512,0.021613617137615337
863,N_719,N_884,0.9391245853180177
864,N_90,N_258,0.6554377035111212
865,N_590,N_836,0.41856574732986473
866,N_165,N_782,0.7667468884841853
867,N_443,N_915,0.4040772371295571
868,N_549,N_981,0.7581414828693109
869,N_665,N_795,0.4515990330649662
870,N_447,N_530,0.30241192974068465
871,N_649,N_931,0.9220241354581298
872,N_931,N_973,0.33683795366550484
873,N_166,N_667,0.2264598866698011
874,N_224,N_890,0.4400783022884951
875,N_427,N_533,0.06637975026493392
876,N_117,N_638,0.5574724365039299
877,N_289,N_972,0.41300646142967934
878,N_20,N_715,0.9239413251653839
879,N_232,N_242,0.7313446715693626
880,N_602,N_609,0.6133708740926616
881,N_465,N_552,0.6621357841749711
882,N_380,N_821,0.07488734006009978
883,N_386,N_430,0.6356777525611983
884,N_37,N_987,0.6620115634841635
885,N_177,N_606,0.643514637008352
886,N_347,N_785,0.3739209862101496
887,N_483,N_637,0.013301816181248372
888,N_359,N_611,0.45731630683099356
889,N_647,N_797,0.6086583069008764
890,N_385,N_495,0.8073044908884286
891,N_108,N_168,0.7959221029193084
892,N_299,N_839,0.47153969060944956
893,N_29,N_790,0.2798872640561063
894,N_73,N_197,0.25399288109383344
895,N_125,N_430,0.05575730728960515
896,N_305,N_424,0.6466560828125185
897,N_23,N_494,0.8507053381187686
898,N_302,N_460,0.36464589467068365
899,N_45,N_96,0.12037018540895672
900,N_187,N_317,0.6278238772969453
901,N_177,N_226,0.4607966033431161
902,N_512,N_761,0.34454296860075995
903,N_225,N_802,0.8989805668089965
904,N_526,N_754,0.06835340650415445
905,N_329,N_739,0.10493515404587339
906,N_618,N_846,0.5311419496502783
907,N_139,N_923,0.6317549357734564
908,N_106,N_248,0.1410207203816436
909,N_206,N_666,0.5453410757425876
910,N_475,N_841,0.9291979375783084
911,N_172,N_570,0.9866325208739732
912,N_86,N_940,0.1195213325152753
913,N_274,N_483,0.7885487562747939
914,N_147,N_367,0.17576506161561323
915,N_387,N_653,0.8546784591003687
916,N_508,N_620,0.9031338459251164
917,N_568,N_886,0.6231203836028194
918,N_721,N_788,0.3404355632818328
919,N_219,N_672,0.8298620696752146
920,N_35,N_737,0.08841402276421095
921,N_326,N_377,0.24343423935687958
922,N_8,N_717,0.29020018644567624
923,N_113,N_454,0.2298588069769001
924,N_550,N_552,0.5099989384386892
925,N_791,N_947,0.49956206423940763
926,N_505,N_865,0.6632758593504082
927,N_225,N_423,0.6526870463459342
928,N_98,N_512,0.6507663195039497
929,N_444,N_836,0.974800266595242
930,N_337,N_694,0.023685261966010618
931,N_378,N_933,0.5260085253806175
932,N_264,N_289,0.4789137775183445
933,N_131,N_837,0.49950715348007657
934,N_369,N_652,0.6281061585507159
935,N_112,N_402,0.3154124992432019
936,N_527,N_835,0.9306336672211513
937,N_675,N_808,0.8848288021881641
938,N_378,N_754,0.591524928556235
939,N_439,N_699,0.4627314008965815
940,N_596,N_824,0.40105307672810064
941,N_246,N_294,0.8910196083840014
942,N_152,N_332,0.9839929167593258
943,N_509,N_662,0.8132091452984911
944,N_256,N_684,0.24521987758054076
945,N_489,N_829,0.2715330732123684
946,N_292,N_571,0.637587090931985
947,N_577,N_637,0.4987646012663891
948,N_216,N_930,0.8404407514016055
949,N_112,N_649,0.21695057331582657
950,N_81,N_739,0.3237029600336272
951,N_351,N_501,0.8441427621534259
952,N_438,N_746,0.6559725931732054
953,N_84,N_257,0.5975926624840864
954,N_71,N_747,0.021108987092513187
955,N_255,N_890,0.36473717040711784
956,N_904,N_979,0.7808789858996157
957,N_271,N_663,0.23461549472898202
958,N_312,N_837,0.06871412325679538
959,N_255,N_728,0.8238690305512542
960,N_252,N_372,0.6913378444150997
961,N_102,N_273,0.4003840500237348
962,N_753,N_936,0.8542662955013953
963,N_516,N_874,0.1799564404090741
964,N_745,N_897,0.687334668903419
965,N_132,N_199,0.8131056946523796
966,N_481,N_585,0.524962906785124
967,N_467,N_860,0.9102106497397091
968,N_951,N_989,0.5046046366625361
969,N_142,N_970,0.6059423905714898
970,N_216,N_866,0.00870780400556237
971,N_350,N_480,0.9063238047933184
972,N_330,N_732,0.44843148499498486
973,N_106,N_226,0.9783781876049076
974,N_131,N_868,0.845661746387931
975,N_511,N_942,0.3242173364220404
976,N_687,N_882,0.39520984867270426
977,N_121,N_201,0.1254605614238531
978,N_356,N_965,0.8169901221314579
979,N_31,N_656,0.6319217673834325
980,N_471,N_736,0.39829627315200655
981,N_574,N_613,0.5290403628985381
982,N_249,N_629,0.031175178126925385
983,N_144,N_832,0.5527385694509128
984,N_107,N_245,0.6471647846150859
985,N_656,N_674,0.261337876620491
986,N_268,N_294,0.5563398795666812
987,N_9,N_357,0.0891938331085449
988,N_66,N_819,0.4845316250840166
989,N_859,N_908,0.775158971552977
990,N_258,N_259,0.8729317692579477
991,N_159,N_361,0.3778370448763064
992,N_648,N_872,0.10627281234164987
993,N_64,N_607,0.29061668908278415
994,N_371,N_624,0.15743339930594336
995,N_169,N_234,0.7497807219371726
996,N_30,N_429,0.708565264558062
997,N_68,N_773,0.5335392804361794
998,N_775,N_926,0.8852534742590117
999,N_238,N_939,0.16631418191784908
1000,N_321,N_739,0.6718570979021672
1001,N_81,N_573,0.7835179561586807
1002,N_96,N_279,0.5790704008108745
1003,N_162,N_314,0.24831298365742094
1004,N_509,N_734,0.3891888145833333
1005,N_124,N_590,0.40999505283782534
1006,N_108,N_670,0.32188601186032795
1007,N_325,N_331,0.688303309133272
1008,N_573,N_981,0.509299481761694
1009,N_83,N_665,0.31067061515286465
1010,N_563,N_911,0.7350109329607595
1011,N_114,N_516,0.716772972358581
1012,N_78,N_123,0.13015193545361758
1013,N_161,N_762,0.6697539719275778
1014,N_31,N_974,0.69344755561859
1015,N_457,N_662,0.8810098329853899
1016,N_179,N_236,0.5942808251835143
1017,N_39,N_95,0.6511916930134019
1018,N_377,N_974,0.6839090544213338
1019,N_47,N_954,0.014069764186235734
1020,N_286,N_441,0.7944745151333774
1021,N_41,N_798,0.36056920891975563
1022,N_449,N_690,0.548926033594028
1023,N_686,N_775,0.6993945721002159
1024,N_762,N_962,0.273384745853694
1025,N_606,N_845,0.09537338687113417
1026,N_21,N_552,0.14312160430251342
1027,N_55,N_179,0.04981476398264251
1028,N_19,N_254,0.34527582636072474
1029,N_580,N_639,0.0555366899480938
1030,N_111,N_128,0.29522315091536844
1031,N_382,N_419,0.6780962560234614
1032,N_402,N_653,0.6270480755752126
1033,N_363,N_950,0.5109791664000831
1034,N_735,N_760,0.16520510908853736
1035,N_502,N_645,0.5915236769524383
1036,N_416,N_802,0.5536358538565884
1037,N_118,N_982,0.8728518544340476
1038,N_260,N_665,0.2272023262468157
1039,N_492,N_887,0.6357030939629278
1040,N_166,N_215,0.4532009705171649
1041,N_56,N_598,0.18227519534821823
1042,N_775,N_896,0.9960899377501737
1043,N_449,N_558,0.1545632085688251
1044,N_501,N_567,0.5959899378613136
1045,N_225,N_523,0.5271762485564224
1046,N_233,N_647,0.6323706064908972
1047,N_245,N_276,0.2621988976508227
1048,N_362,N_465,0.8950215077999533
1049,N_536,N_582,0.6381951076073957
1050,N_984,N_992,0.8777033426310588
1051,N_250,N_665,0.44583359098455544
1052,N_303,N_859,0.2617561418851786
1053,N_155,N_945,0.4380380932177954
1054,N_295,N_941,0.43956451443610867
1055,N_627,N_978,0.04266185972655667
1056,N_575,N_968,0.93857480170688
1057,N_778,N_877,0.19577026451533364
1058,N_523,N_590,0.9342851372671412
1059,N_371,N_795,0.5847366426593961
1060,N_646,N_706,0.878657845095778
1061,N_273,N_830,0.9830658436618811
1062,N_201,N_333,0.05009572492942693
1063,N_90,N_414,0.4393983028164521
1064,N_357,N_956,0.1814703549244201
1065,N_536,N_824,0.10801638001187497
1066,N_132,N_595,0.6331384762650787
1067,N_138,N_837,0.7969343578035994
1068,N_521,N_732,0.5840946204189321
1069,N_472,N_882,0.10284329925771751
1070,N_273,N_733,0.3452063663622289
1071,N_294,N_341,0.24972141171416395
1072,N_417,N_900,0.7306336937313862
1073,N_231,N_899,0.7388487685952609
1074,N_351,N_955,0.677069286354266
1075,N_569,N_900,0.4294424187127739
1076,N_502,N_832,0.7530280693621447
1077,N_678,N_871,0.64522536983734
1078,N_641,N_663,0.32065328931201376
1079,N_51,N_612,0.16129539779029378
1080,N_195,N_496,0.8168271567648806
1081,N_45,N_305,0.8977046864251639
1082,N_24,N_602,0.680849496121513
1083,N_383,N_565,0.09499636907523645
1084,N_573,N_859,0.2642920179468031
1085,N_260,N_385,0.9139020360391459
1086,N_141,N_703,0.3149910191254197
1087,N_545,N_806,0.964741640462214
1088,N_784,N_800,0.8184993286806364
1089,N_426,N_779,0.6100219987464426
1090,N_423,N_868,0.6565570874201276
1091,N_155,N_358,0.6185174958817825
1092,N_323,N_947,0.7567968828042895
1093,N_197,N_517,0.17945766226731386
1094,N_610,N_735,0.8920719201491278
1095,N_657,N_926,0.936562714889529
1096,N_208,N_775,0.3584710236062967
1097,N_478,N_575,0.7354244971076938
1098,N_364,N_927,0.6654086256624447
1099,N_214,N_781,0.6944027483180699
1100,N_25,N_899,0.3712012742607438
1101,N_608,N_651,0.9550636663974288
1102,N_400,N_889,0.19232674823948437
1103,N_835,N_859,0.3422622335190817
1104,N_37,N_314,0.19116371367541052
1105,N_226,N_945,0.215321940592756
1106,N_310,N_986,0.12061658846080014
1107,N_217,N_489,0.503897541006417
1108,N_96,N_896,0.6137256592269664
1109,N_222,N_587,0.21596138434005963
1110,N_484,N_728,0.11686986308507752
1111,N_26,N_385,0.509488786965016
1112,N_595,N_810,0.1628038931266662
1113,N_146,N_853,0.35255184191300715
1114,N_320,N_905,0.5555504295536444
1115,N_351,N_527,0.35863180548956053
1116,N_109,N_749,0.34425484176167087
1117,N_419,N_834,0.6951958292980001
1118,N_207,N_691,0.735694359386857
1119,N_21,N_242,0.8598338024590868
1120,N_857,N_980,0.181298841679578
1121,N_313,N_601,0.31263585921688497
1122,N_337,N_487,0.2018851606155072
1123,N_142,N_580,0.2851720709357499
1124,N_31,N_87,0.8961688648611126
1125,N_6,N_564,0.9410534509562511
1126,N_181,N_442,0.9284906892638047
1127,N_311,N_639,0.9585609197358138
1128,N_344,N_956,0.9497601736400976
1129,N_19,N_540,0.8896665726340021
1130,N_326,N_929,0.2458053670190936
1131,N_299,N_875,0.12371673421789309
1132,N_512,N_525,0.4664002041928086
1133,N_507,N_863,0.36496852323385
1134,N_190,N_239,0.24392187297608192
1135,N_510,N_839,0.35313354638256356
1136,N_624,N_783,0.6205592299146847
1137,N_251,N_874,0.6539066636487525
1138,N_183,N_918,0.9142011125365013
1139,N_446,N_884,0.6686688505248044
1140,N_641,N_921,0.4001828998017507
1141,N_347,N_788,0.6377421214630503
1142,N_638,N_988,0.46066410475387776
1143,N_464,N_699,0.07817791465702584
1144,N_203,N_680,0.0408831321609362
1145,N_231,N_852,0.0607572440535451
1146,N_160,N_973,0.23989278700329986
1147,N_54,N_757,0.8423911337895
1148,N_634,N_903,0.25803427397110545
1149,N_182,N_485,0.41596852646484206
1150,N_458,N_638,0.7342894969289535
1151,N_238,N_465,0.04898198020223554
1152,N_309,N_789,0.5688663602092532
1153,N_716,N_816,0.5211844659012437
1154,N_304,N_595,0.06530785461742616
1155,N_148,N_831,0.15290622492532835
1156,N_65,N_953,0.717723912752692
1157,N_353,N_595,0.5666378149394726
1158,N_342,N_989,0.04462354780472033
1159,N_282,N_710,0.5905856963075502
1160,N_411,N_461,0.55473357359421
1161,N_331,N_556,0.06672921253028763
1162,N_291,N_469,0.2137219261409784
1163,N_693,N_758,0.0019197696397614816
1164,N_28,N_379,0.6519106973694209
1165,N_896,N_992,0.5302984090550105
1166,N_820,N_961,0.09592648922774205
1167,N_192,N_318,0.3839966020478731
1168,N_28,N_613,0.07346422450942058
1169,N_13,N_806,0.5563639271789198
1170,N_695,N_805,0.3302069999669608
1171,N_496,N_552,0.15222494572398615
1172,N_551,N_608,0.2838219967543161
1173,N_350,N_850,0.3458995104407667
1174,N_74,N_979,0.08528683492932831
1175,N_505,N_845,0.6437589991584967
1176,N_59,N_739,0.5098343615514302
1177,N_467,N_778,0.11181254227601345
1178,N_257,N_753,0.31025509519386874
1179,N_341,N_860,0.5627060602697933
1180,N_445,N_740,0.21938027194663334
1181,N_39,N_567,0.35725924211891313
1182,N_349,N_751,0.914924657939326
1183,N_30,N_752,0.5754251942145758
1184,N_459,N_600,0.6304539147806394
1185,N_209,N_451,0.8210167760190177
1186,N_937,N_993,0.33116908227951347
1187,N_540,N_974,0.27689700590971045
1188,N_565,N_888,0.7139247274375666
1189,N_17,N_410,0.10340892369497068
1190,N_300,N_959,0.8352109489147983
1191,N_83,N_153,0.6626124369303643
1192,N_749,N_866,0.9979459954931957
1193,N_234,N_285,0.9742420188598819
1194,N_581,N_924,0.8547289362015638
1195,N_663,N_801,0.9841500104084298
1196,N_286,N_846,0.9557531528365013
1197,N_215,N_436,0.6854974294135676
1198,N_442,N_728,0.02604359407571155
1199,N_199,N_647,0.18706557109708344
1200,N_388,N_408,0.9122032004439409
1201,N_90,N_612,0.22982272991407093
1202,N_427,N_831,0.0042811868788541485
1203,N_217,N_957,0.45402267721074474
1204,N_84,N_600,0.8623201560498037
1205,N_434,N_509,0.8846183600030217
1206,N_134,N_298,0.8177267117096847
1207,N_174,N_448,0.11358083576096578
1208,N_68,N_937,0.6891238055111195
1209,N_403,N_679,0.044296454777419836
1210,N_242,N_268,0.87192364293854
1211,N_4,N_586,0.5688199730010823
1212,N_179,N_522,0.8041420003828637
1213,N_403,N_595,0.3481779790559363
1214,N_735,N_812,0.8006051732978676
1215,N_532,N_786,0.7663092080504785
1216,N_55,N_209,0.7516386851485968
1217,N_497,N_890,0.5797476254226968
1218,N_433,N_517,0.37329616465462845
1219,N_535,N_605,0.06745034577727016
1220,N_324,N_990,0.6125518208301433
1221,N_386,N_840,0.2822997414785029
1222,N_39,N_551,0.24789880516487517
1223,N_104,N_327,0.16852342108245333
1224,N_103,N_451,0.12660146263980243
1225,N_49,N_971,0.4629172190236084
1226,N_106,N_521,0.7289808503635591
1227,N_244,N_688,0.021984363887031177
1228,N_64,N_635,0.5107028603899619
1229,N_330,N_352,0.6265579132261911
1230,N_634,N_637,0.8778106060783721
1231,N_852,N_880,0.8866170843034151
1232,N_619,N_746,0.5935956235191444
1233,N_559,N_758,0.3720200130024447
1234,N_541,N_669,0.2105895183035611
1235,N_172,N_794,0.044746253891406074
1236,N_33,N_910,0.9941931324650095
1237,N_211,N_934,0.019229582156678138
1238,N_852,N_972,0.2346542345988032
1239,N_205,N_314,0.4084528620116388
1240,N_157,N_592,0.7133124030864753
1241,N_76,N_536,0.4731042449269325
1242,N_136,N_203,0.1641426699196049
1243,N_912,N_954,0.48710692244924747
1244,N_215,N_282,0.6913226320765591
1245,N_156,N_526,0.19049436909897
1246,N_33,N_45,0.7288997047131114
1247,N_198,N_565,0.7103476048945279
1248,N_405,N_991,0.7491428392651405
1249,N_596,N_953,0.9177842172874999
1250,N_383,N_630,0.22594382676428992
1251,N_180,N_258,0.3252228997285598
1252,N_206,N_542,0.7632701271318985
1253,N_114,N_474,0.7741596372620556
1254,N_33,N_526,0.12888690660659452
1255,N_598,N_736,0.9596221170750017
1256,N_292,N_862,0.04406225833351152
1257,N_289,N_724,0.961234619746141
1258,N_612,N_758,0.20123754427830454
1259,N_149,N_464,0.16403327196563944
1260,N_948,N_993,0.8205096115163228
1261,N_534,N_722,0.24571698846468415
1262,N_647,N_878,0.25138712620701353
1263,N_391,N_507,0.7949805957994194
1264,N_163,N_511,0.7874777803619699
1265,N_335,N_875,0.430913111470137
1266,N_804,N_884,0.12980489331326694
1267,N_230,N_512,0.46989782952767145
1268,N_253,N_833,0.05910626361151183
1269,N_235,N_410,0.5109824096867825
1270,N_127,N_857,0.42103501568948243
1271,N_625,N_873,0.7435632400022949
1272,N_94,N_647,0.7580514757899055
1273,N_498,N_926,0.9599531918526181
1274,N_92,N_352,0.6843996209339405
1275,N_354,N_547,0.4780937479360319
1276,N_136,N_240,0.21925751718871633
1277,N_49,N_634,0.10892012077993729
1278,N_647,N_729,0.5663479288333171
1279,N_54,N_809,0.5648872622807422
1280,N_247,N_558,0.12359085893542576
1281,N_791,N_881,0.4291484684389013
1282,N_578,N_903,0.3791309488153356
1283,N_367,N_843,0.023817321433499794
1284,N_669,N_712,0.2843706920876612
1285,N_451,N_846,0.8702603123255193
1286,N_170,N_520,0.6809336881818882
1287,N_655,N_659,0.7470391475287255
1288,N_140,N_248,0.47808563484017963
1289,N_687,N_769,0.5960764712204847
1290,N_51,N_815,0.45003826823228454
1291,N_225,N_335,0.48906174440304984
1292,N_22,N_204,0.7038969990348138
1293,N_284,N_871,0.2646191261150401
1294,N_379,N_719,0.9088117644715474
1295,N_28,N_604,0.35428815214595333
1296,N_666,N_908,0.1970713477806496
1297,N_43,N_253,0.423655370474719
1298,N_600,N_647,0.9132204074336858
1299,N_667,N_712,0.8342732346323445
1300,N_287,N_584,0.08288924590758495
1301,N_233,N_401,0.38784692321033254
1302,N_228,N_374,0.7939765152226412
1303,N_247,N_528,0.2221424221424826
1304,N_420,N_443,0.9780903532282919
1305,N_83,N_525,0.24372252159467767
1306,N_116,N_813,0.8230524557342112
1307,N_240,N_778,0.7516784019672962
1308,N_911,N_919,0.3571830142951036
1309,N_185,N_954,0.9368769719694752
1310,N_664,N_855,0.03358900180151836
1311,N_408,N_950,0.7870832572259692
1312,N_25,N_92,0.900343824766991
1313,N_269,N_686,0.6018689029258013
1314,N_105,N_588,0.041010479901747665
1315,N_333,N_590,0.3066863493947056
1316,N_621,N_784,0.7468745639128138
1317,N_8,N_215,0.08771787721559243
1318,N_301,N_384,0.265210176745476
1319,N_247,N_259,0.6274967812818142
1320,N_79,N_936,0.28584183564443144
1321,N_456,N_519,0.8565319084152061
1322,N_216,N_519,0.12481374595118
1323,N_232,N_977,0.597753158483298
1324,N_22,N_468,0.6536483753814051
1325,N_676,N_704,0.8609884465862807
1326,N_893,N_963,0.8730507025345917
1327,N_898,N_989,0.15342694044559124
1328,N_324,N_601,0.5742041684510815
1329,N_4,N_200,0.16540753987884105
1330,N_486,N_529,0.38700470079516314
1331,N_539,N_864,0.7801093434406308
1332,N_527,N_877,0.4959412112139976
1333,N_194,N_224,0.3305220252387737
1334,N_630,N_701,0.7479822787030175
1335,N_107,N_351,0.9972950780133423
1336,N_40,N_317,0.7486747993849732
1337,N_380,N_562,0.3387470629536211
1338,N_169,N_953,0.806056243060546
1339,N_180,N_245,0.596739013038964
1340,N_471,N_660,0.7899115369376895
1341,N_871,N_977,0.2918567569861785
1342,N_176,N_422,0.1394230715875986
1343,N_259,N_290,0.13609745206696555
1344,N_48,N_979,0.5446209120906857
1345,N_16,N_772,0.9416841328789476
1346,N_339,N_669,0.037757322627052226
1347,N_813,N_988,0.5765454292316765
1348,N_330,N_650,0.6713525401001004
1349,N_580,N_828,0.4337002509837289
1350,N_791,N_811,0.6091149707617416
1351,N_467,N_501,0.3248915545360178
1352,N_396,N_755,0.697958239595668
1353,N_831,N_998,0.5938516266509037
1354,N_726,N_788,0.7690327803152215
1355,N_365,N_792,0.9673583104173968
1356,N_596,N_691,0.07811632928262924
1357,N_124,N_840,0.5249714698676875
1358,N_870,N_904,0.11992079844337789
1359,N_8,N_319,0.2029566706151058
1360,N_58,N_233,0.8746831915835023
1361,N_457,N_912,0.9268520903112876
1362,N_64,N_772,0.36313255822230417
1363,N_182,N_511,0.09217637132665102
1364,N_181,N_843,0.9519691779008905
1365,N_64,N_287,0.9939073460288304
1366,N_617,N_663,0.9731629738104519
1367,N_166,N_581,0.925376561541595
1368,N_169,N_427,0.12920450075802714
1369,N_89,N_887,0.9223113028623726
1370,N_578,N_911,0.7001398036386282
1371,N_637,N_668,0.0151351228676746
1372,N_85,N_130,0.35888942038310057
1373,N_247,N_717,0.5095750150897334
1374,N_498,N_723,0.553573939974578
1375,N_636,N_812,0.4243827039053858
1376,N_273,N_854,0.9479202668254907
1377,N_161,N_505,0.18195449183016454
1378,N_227,N_410,0.022748095730054096
1379,N_226,N_539,0.007948754287997906
1380,N_528,N_980,0.9606969855490124
1381,N_693,N_928,0.06290185900370382
1382,N_815,N_919,0.9406407810684596
1383,N_644,N_914,0.7577763865734286
1384,N_260,N_310,0.01249425514487501
1385,N_815,N_917,0.8116183723511359
1386,N_427,N_658,0.9941487724169409
1387,N_23,N_345,0.023828950348188105
1388,N_42,N_679,0.702041965782702
1389,N_411,N_956,0.16460311760323876
1390,N_354,N_632,0.7199938767348617
1391,N_313,N_876,0.09603275117987442
1392,N_220,N_731,0.43600373024123873
1393,N_177,N_588,0.043246201923135885
1394,N_5,N_312,0.7366949397346716
1395,N_653,N_958,0.8435498522158269
1396,N_70,N_952,0.3752893171060454
1397,N_593,N_897,0.4290386915761262
1398,N_552,N_845,0.5967691743998325
1399,N_50,N_140,0.1341655668874444
1400,N_753,N_808,0.6820046250455711
1401,N_522,N_896,0.481739634664093
1402,N_526,N_615,0.740079705429685
1403,N_544,N_551,0.8221435414296776
1404,N_100,N_717,0.637435451830257
1405,N_165,N_644,0.04231902870424897
1406,N_152,N_542,0.7656975648764068
1407,N_696,N_698,0.08077054514763349
1408,N_199,N_492,0.02964662437013299
1409,N_754,N_892,0.10817577707880743
1410,N_81,N_395,0.5776890302478008
1411,N_124,N_911,0.0865737117165013
1412,N_499,N_868,0.6361282788599887
1413,N_143,N_659,0.23065507234763438
1414,N_301,N_774,0.5188228947495714
1415,N_345,N_501,0.6335979345731166
1416,N_173,N_513,0.9337733036357037
1417,N_217,N_571,0.7055100483802419
1418,N_5,N_870,0.2781716080849499
1419,N_226,N_672,0.44093523705535587
1420,N_215,N_937,0.78176474436021
1421,N_476,N_700,0.029179892771470817
1422,N_94,N_538,0.0029400425148589093
1423,N_3,N_406,0.054852613667212724
1424,N_684,N_769,0.9310994090629778
1425,N_283,N_331,0.2108290656646723
1426,N_248,N_703,0.963852052978811
1427,N_101,N_395,0.7319782203205789
1428,N_327,N_965,0.8494163712165919
1429,N_97,N_361,0.7646390865626265
1430,N_817,N_846,0.26493026370800354
1431,N_247,N_926,0.1365179800138372
1432,N_158,N_697,0.4199424551479092
1433,N_776,N_957,0.7856962935917875
1434,N_667,N_870,0.8378688375080365
1435,N_177,N_410,0.3271903799360458
1436,N_12,N_621,0.24485539754935903
1437,N_294,N_574,0.05768939360920622
1438,N_281,N_429,0.1002074830171622
1439,N_48,N_313,0.6524018624046206
1440,N_597,N_713,0.2793262974967545
1441,N_390,N_450,0.9415450095236206
1442,N_507,N_662,0.6251492329259958
1443,N_669,N_896,0.43673442071283075
1444,N_183,N_874,0.875891818505361
1445,N_161,N_509,0.6335784473228092
1446,N_145,N_722,0.8451760943326587
1447,N_239,N_249,0.7517656637201282
1448,N_903,N_906,0.15676159248097288
1449,N_521,N_616,0.8318557543489107
1450,N_126,N_762,0.0992056637010621
1451,N_510,N_562,0.9542067265177734
1452,N_438,N_796,0.019995155628294015
1453,N_5,N_668,0.9315822355739498
1454,N_517,N_791,0.9801134553982591
1455,N_48,N_216,0.48501563794879843
1456,N_297,N_608,0.026027893730261376
1457,N_133,N_818,0.6433362790722177
1458,N_729,N_980,0.6231878943145488
1459,N_140,N_963,0.5248793142373458
1460,N_73,N_931,0.10322613484459175
1461,N_328,N_709,0.304907522525242
1462,N_423,N_973,0.620870174063848
1463,N_502,N_643,0.1425005494965914
1464,N_196,N_563,0.6195800471333501
1465,N_299,N_318,0.06932795728096641
1466,N_405,N_796,0.8020564090998592
1467,N_44,N_145,0.11565964475331669
1468,N_147,N_735,0.32150366487878723
1469,N_390,N_892,0.9959217062872383
1470,N_223,N_719,0.16173983863451857
1471,N_276,N_847,0.15760160658281297
1472,N_87,N_110,0.9760791733022398
1473,N_413,N_422,0.318019994035488
1474,N_178,N_876,0.6404065225467723
1475,N_181,N_912,0.11257605709769636
1476,N_488,N_600,0.027133160461601857
1477,N_22,N_331,0.0773497768231799
1478,N_53,N_118,0.33393234452302245
1479,N_434,N_901,0.401134373538508
1480,N_319,N_508,0.6112661107696373
1481,N_534,N_588,0.498739628422862
1482,N_358,N_365,0.3548144536145885
1483,N_337,N_746,0.12151871879664067
1484,N_47,N_732,0.6614769103488503
1485,N_313,N_393,0.26177004646241064
1486,N_470,N_818,0.36888321495637455
1487,N_341,N_703,0.6145316418244016
1488,N_594,N_940,0.21368392892822996
1489,N_129,N_306,0.8570454186323193
1490,N_740,N_785,0.11365433192324192
1491,N_232,N_656,0.8472811424618454
1492,N_695,N_941,0.7002543566062251
1493,N_52,N_147,0.12424277943936235
1494,N_837,N_910,0.18690848769447177
1495,N_261,N_823,0.24025978590033414
1496,N_101,N_588,0.09582048079157768
1497,N_163,N_567,0.1469249455019097
1498,N_622,N_631,0.31548564142399704
1499,N_139,N_994,0.9429215999485347
